{"prediction_thresholds": [0.0, 0.02500000037252903, 0.05000000074505806, 0.07500000298023224, 0.10000000149011612, 0.125, 0.15000000596046448, 0.17499999701976776, 0.20000000298023224, 0.22500000894069672, 0.25, 0.2750000059604645, 0.30000001192092896, 0.32499998807907104, 0.3499999940395355, 0.375, 0.4000000059604645, 0.42500001192092896, 0.45000001788139343, 0.4749999940395355, 0.5, 0.5249999761581421, 0.550000011920929, 0.574999988079071, 0.6000000238418579, 0.625, 0.6500000357627869, 0.675000011920929, 0.7000000476837158, 0.7250000238418579, 0.75, 0.7750000357627869, 0.800000011920929, 0.824999988079071, 0.8500000238418579, 0.875, 0.8999999761581421, 0.925000011920929, 0.949999988079071, 0.9750000238418579, 1.0], "neighborhood_sizes": [5, 5, 5, 5, 5, 5, 5, 5, 5, 5, 5, 5, 5, 5, 5, 5, 5, 5, 5, 5, 5, 5, 5, 5, 5, 5, 5, 5, 5, 5, 5, 5, 5, 5, 5, 5, 5, 5, 5, 5, 5], "avg_f1_scores": [0.5908316809056523, 0.618899785605867, 0.6527000845598139, 0.681519480832339, 0.7047615989040986, 0.724860646599777, 0.7452960368046333, 0.7648919474974987, 0.7811645177119747, 0.7962667593902794, 0.8108414916155575, 0.8224692921671561, 0.8338604882284955, 0.8425399265368222, 0.8527370382539559, 0.8606907621224149, 0.8679041117675651, 0.8724590280799694, 0.8751301383187334, 0.8735377196566402, 0.8702238320595033, 0.8619168617984224, 0.8470818769537941, 0.8269431518291022, 0.8023866900354367, 0.7695117158616113, 0.7297688127462382, 0.6837055708640891, 0.6346412135245587, 0.5840991275015012, 0.5344606618846061, 0.49006365324861784, 0.440728652081863, 0.3966747030897729, 0.35329019414305723, 0.31912305383938927, 0.2825716156428103, 0.2332759411587945, 0.19664349979956472, 0.1553161886732884, 0.11634248418478976], "avg_precision": [0.4439269060418878, 0.47441984512437346, 0.5135389423996871, 0.5484045294159033, 0.5779430817024802, 0.6045913527072116, 0.6328608876383105, 0.6610197536104255, 0.6856282358601616, 0.7092758722474232, 0.7328767446156964, 0.7519402344429609, 0.7714769451290558, 0.7886066436992464, 0.8084071345413238, 0.8254565049510071, 0.8436505211213463, 0.858992630741482, 0.8750740287325653, 0.8876469223300761, 0.9001977785832705, 0.9140026625979617, 0.9248002007896301, 0.9334141399628626, 0.944262537351159, 0.9537175598149034, 0.9620523454960542, 0.9694162295794468, 0.972783115850581, 0.9749589688519076, 0.9792872391773361, 0.9853911431523178, 0.9851727939200458, 0.9862198470510813, 0.9892952983697084, 0.988931055734564, 0.9926420115846476, 0.9928883595530884, 0.9956891772011532, 0.9942963933789623, 1.0], "avg_recall": [0.9121335017453912, 0.9121335017453912, 0.9118242871504623, 0.9118242871504623, 0.9118242871504623, 0.9116356434983212, 0.9116356434983212, 0.9116356434983212, 0.9109443242336462, 0.9103258950437884, 0.9095188222017896, 0.9093253611841847, 0.9087546128622975, 0.9057181673457118, 0.9031843974416599, 0.9000021717754398, 0.8945717967594452, 0.8871451713897072, 0.8760336447412148, 0.8605903762179957, 0.8430811694654844, 0.8164325995909053, 0.7826902129821683, 0.7436407598459471, 0.6987542755431201, 0.6460102579533108, 0.5886649451970839, 0.5290008096421984, 0.47175198100144006, 0.41751488145708865, 0.3680092827528704, 0.32667475650935934, 0.28416873518288527, 0.24852179310353092, 0.21529494717064582, 0.19051565230848555, 0.16499141756868854, 0.13237016389546488, 0.10934485512194551, 0.08436520205697516, 0.061915458970806796]}